business_id,business_name,community_id
Z5po0aTuzKKblek5y6Sp8Q,500 Degrees,-1
kfpwO_cdVQdTh2_oMDZ51Q,American Sardine Bar,-1
oJxsRgj8Un9VAPXpaDuufA,Bank & Bourbon,-1
V6Om7YZhlRQRU7WfuxHq8Q,Beck's Cajun Cafe,-1
PYUI1OJVksGUbCrteU68bw,Bourbon & Branch,-1
5hvO_zH7B1n2humawoPHrw,Bourbon Blue,-1
8j3blTZChklt3j89jxx0fw,Brauhaus Schmitz,-1
pXRrRf8fDv6yU3xp1E25hA,Bud & Marilyn's,-1
LzVvcVm48zYIcQnwLKt1oA,Catahoula,-1
swcfmflnWlhnbvPOHvPq_A,Chabaa Thai Bistro,-1
7hpUoYdAVToZXwuPRgoqdA,Chapterhouse Café & Gallery,-1
C_EtrXTygRX5RTUOKtO6Dg,Copabanana,-1
Gr6nYrQ_-3p4LcE4M84lTw,Dave & Buster's,-1
aUoMG97DMJG4nmwhT6z1zA,Devon Seafood Grill,-1
pWzrmh1oiU9ngWXGHKnnwQ,Down Home Diner,-1
qRgeV1CMZawRblc2qjHo_g,El Jarocho,-1
oqy15jhe1lOXttEvd4Srog,El Poquito,-1
1yuSWypzGewvhNZSwUlvPw,Ela,-1
IcLm9Z1zphLnzUvrFK6aiA,Erawan Thai Cuisine,-1
y1Z9tymuBGVDZnYZoLk-2Q,Fork,-1
L0c6-mnkcV9fXLk0--dkWQ,Fox and Hound,-1
rYqmaOIULRouz_1db07OdQ,Green Eggs Cafe,-1
vXb4OWsjPoiBtmarfexj-g,Green Eggs Café,-1
0RuvlgTnKFbX3IK0ZOOocA,Green Eggs Café,-1
bffLbfi1IEAff5C2IHJvFA,Han Dynasty,-1
PhLYLCjM_dS_seS_fMBVeg,Helium Comedy Club,-1
cXSyVvOr9YRN9diDkaWs0Q,Honey's Sit-N-Eat,-1
Rzx2E5XgTeGU7FEbUZ-bGg,IKEA,-1
9-tZDrMjJYBbpCJoU3WXAQ,Indian Restaurant,-1
ohWH383r60AREWh-aphpSw,Iron Hill Brewery & Restaurant,-1
1Ck2drCXGh1h5bhc9aIRpg,Jack's Firehouse,-1
d_tRshM-w6S4QxE4VVi8tQ,Jones,-1
QWqKTWQ2OiDgo3dzNkpung,Jong Ka Jib,-1
TRwPE6wsoAL6_fRaFdB4FA,Karma Restaurant & Bar,-1
7yPzOek7Af2dKWGYKpcHWA,Khmer Kitchen,-1
Lw1gzZZGI2GFQc6BI5zyJw,Kite & Key,-1
bdteJqgoj0OaALhj9RFtmw,Koreana,-1
htO_nlxkEsYHzDrtbiUxew,La Colombe Coffee,-1
6wqxuBt2InDipRuUj8BNuQ,La Colombe Coffee,-1
DhZVpgeBKxoLd91MiwTxpg,La Fontana Della Citta,-1
4_VDvhKpKSsj7jZYdocZYA,La Viola,-1
pW5DXTpKnw3y0fopipbJVg,Landmark Americana Tap & Grill - University City,-1
j6usntbtSzFyuwx4n2mn1g,Las Bugambilias,-1
434A83c2ig6QxsZjrjclpQ,Las Margaritas,-1
Iyopb5uFIBT_HOgp8ipSfw,Le Viet Restaurant,-1
0-7N3z_cb3Z1xMGDrbez6w,Le Virtu,-1
s2JiYzE7i68cXIV6YEcVTw,Local 44,-1
DRr5xdfHtqgWfhmdTU1B8Q,London Grill,-1
Pl_9HzOa8uy_YOUxgonzGw,Los Gallos Mexican Taqueria,-1
XQWZQjC73fCTRGWnD18-Eg,Mac Mart,-1
SIoCIxjn4jLt2O-4DajWJw,Mac's Tavern,-1
vpNJJNVgVmf2u1lfdFh81w,Matyson,-1
Mt6XTQfwk2DUD3AK29YIBg,Melograno,-1
49Gyz-LD9MxTh1yzbYiOhw,Menagerie Coffee,-1
V_jy9Aemc3kjznqhbsu_Dg,MilkBoy,-1
d28lZlSps97FHhXZazJ8zA,Misconduct Tavern,-1
D2OcZHMkznF5bbelwZ7TPw,Molly Malloy's,-1
8kUh6TROemLfbVR_ewVVLg,Nam Phuong,-1
tcvNBC65Gsa4cH1_gyucpQ,Noord,-1
qsAZNQ-6P4I9r7onkBZJ_g,Percy Street Barbecue,-1
mVV95BIwhFOa7TNH9pVMGA,Philadelphia Chutney Company,-1
2fJ-WxJlUN6azp3bzrJ0zA,Pho Ha,-1
ueAkLzWFFTzQkq3jzyBlnA,Pho Xe Lua Viet Thai Restaurant,-1
7lwe7n-Yc-V9E_HfLAeylg,Pub & Kitchen,-1
bIGFd99r3iUNB0xshlZ5Sw,Pumpkin,-1
j99PtxlKTW_u5alE4jiqHQ,Ralphs Italian Restaurant,-1
gEX_kEhYgvLKGJtlY45BmQ,Rangoon Burmese Restaurant,-1
DsKzHnkLKnxZTVsFpts4oA,Red Owl Tavern,-1
ozOneB4jXOD6hv5WBGj4KQ,Ristorante Pesto,-1
-DGsnMlRrR_tv8avrpQLQw,Sam's Morning Glory Diner,-1
uIZwBkvWicqyWraXvYOipw,Sbraga,-1
khH0QtNyUjcExh9i2CwGfg,Serpico,-1
V0SHmvYtXqdv8-AsqshV6w,Smokin Bettys,-1
0mijbNf-7wiKJ9xto1pAyg,Spice Finch,-1
oBhJuukGRqPVvYBfTkhuZA,Square 1682,-1
HngRiL6Z3DFTDnNsXZ0TQw,Stateside,-1
_UOg5_pk9IhKee91eWrT4A,Sweet Lucy's Smokehouse,-1
gQCKrqkalAc--4cuW_C_Ow,Tacconelli's Pizzeria,-1
i_FWONQD1ZBqrNE2b-M5Ug,Talula's Garden,-1
GWv1-6HFvZf4cOy1J6_CKQ,Taqueria Feliz,-1
f2RHDdXezLHILvM7v1xOVA,Taqueria La Veracruzana,-1
kxKai8GE5oDMPevV7oxvbA,Tequilas Restaurant,-1
K0JZOvCUgYtbPjcDzys_kw,The Cambridge,-1
8pqdJjefYq-a9IBSJJmKwA,The Dandelion,-1
9qXd3Frdpw2NFesclk7nPg,The Farmers' Cabinet,-1
rgSHLh2Le0Un82FDxbq0mg,The Little Lion,-1
P2Lm1g_RztvIaH4daQsXoQ,Three Monkeys Cafe,-1
IWHdx0NhDKADkGOgXgOFKQ,Tommy DiNic's,-1
K6hAv8V2cTuXQtU3VHAD6w,Tres Jalapenos,-1
-v8dtO9BZmKidXLMohiQhQ,Urban Saloon,-1
1UNJeHTsS7WS9RxRzHw06g,Varga Bar,-1
SPEXSaryxJmVpy8QoRz7Tg,Vietnam Cafe,-1
zRjUMHQJ5gAmFhcXZtLacA,Vietnam Restaurant,-1
Vnagnur1os0ZduOpvDH27A,Villa Di Roma,-1
-5Rah4ZvWsDu4oilUZxhtw,World Cafe Live,-1
R17gwW6zn9ilslbdvKdgsg,Alma de Cuba,0
S8ZFYEgMejpChID8tzKo9A,Amada,0
I2ISRV7IybkMc3HEYKUE9g,Audrey Claire,0
GKBN0jG6f9XhvWmAEOgYPw,Bar Ferdinand,0
6CUkqed0rhHtFwQ2i7Otsw,Barcelona Wine Bar Passyunk,0
wbDRmtxaKRpBOjutvV6TEA,Barclay Prime,0
2er_V-oAd7IbQ5YTY56r7A,Bareburger - Midtown Village,0
L4kfcADLCU4T33i7Z0CkuA,Bistro Romano,0
9_B5sCqKBOKDAmYpByiFFg,Branzino Italian Ristorante,0
pP_jeWrWq-lvMitmkM2Gkw,BurgerFi,0
0oSSjekU-3GR8gselReWnA,Butcher and Singer,0
erz6oUEJdx787WyOlxMARw,Dante & Luigi's,0
dQZlvOEVNke30MY5iTiy1g,Davios,0
4R2KR_-FybS7oegGrXjHVg,Del Frisco's Double Eagle Steakhouse,0
44Xh-IjWDSn7XTw1hzO50g,Dutch Eating Place,0
AaTpjyw-EiODgi3tR4Xr-g,Estia,0
fOhnSqmO4XY5vSI8whVKSA,Farmicia,0
cGX-1IUwXOjkUqZbkKYcjw,Fogo de Chao,0
T_6e0SgNuKotySgVS8O1UQ,Fond,0
ADe114o7Z4vb1O6HkM6YEA,Greek Lady,0
v45E6gg6MrAziTepkiWByA,Harper's Garden,0
Ou-_OQUNvBcaAoRU0XPtaQ,Jamonera,0
mUIBtlWNPD7sz3rGGWQ1RA,Kanella,0
dYinIkKBspHV5hSaukklFg,L'Angolo Ristorante,0
fEqiXG_B-fn__w0aeF3nBQ,Laurel,0
jXtaxB2b64nA4uy13i024A,Little Fish,0
lKU_kljhbEQKIPaM1Zbqiw,Little Nonna's,0
F8yozE3NWnImNApHO347gQ,Marrakesh,0
S0dQ8Vks0IR-PZPLoBHKRA,McCormick & Schmick's Seafood & Steaks,0
bjPUhanWoinHi2kywvVzBA,Mercato BYOB,0
GoYSJ-YY-YwbxdgasHuq-Q,Mixto,0
woTZpX92uByUgliPrh39Mg,Ocean Prime,0
KVFUBgmPEHGUaJNkpMGcLw,Opa,0
poviu-6n3iaRE4gdQz6OYw,Oyster House,0
j-qtdD55OLfSqfsWuQTDJg,Parc,0
sb8-TzsXOV7IsErbpHZo3g,Positano Coast by Aldo Lamberti,0
9gObo5ltOMo6UgsaXaHPWA,R2L,0
oGMwCmV1EQZgCdylAbK9ow,Rex at the Royal,0
gCcJTKC40CL0XtYYGfcXDw,Smiley's Cafe,0
KscVqYYG7ziAroZhfNb0Ng,South,0
hcxea89M_U__LADtu3C0kA,Supper,0
9mA9qYqiv4c0T9ASid3PIQ,The Capital Grille,0
WxB8498ejPtHE7wFa89_fA,The Continental Mid-town,0
L_Rwy6oSAnMUY3NCDspxmA,The Good King Tavern,0
dChRGpit9fM_kZK5pafNyA,The Love,0
_OgwyI_0mGs620_ZfKgzbg,Tierra Colombiana Restaurant,0
gnpyyeWQ53WlDMJEq-YA_w,Tinto,0
eJaeTZlIdM3HWCq__Ve4Wg,Tria Cafe Rittenhouse,0
xQE1fuwKCXJEBcJgSSCNbw,Urban Farmer Philadelphia,0
sy7ADvpBA7SfHwbY-Y_5gw,Valanni,0
qBwOLby0sOJd3QG1o76W2w,Veda - Modern Indian Bistro,0
wUnLSg_GKfEIQ5CQQ770_g,Vetri Cucina,0
EtKSTHV5Qx_Q7Aur9o4kQQ,Village Whiskey,0
2pLIQ0RHSmUbF0eIRT0LYg,Vintage Wine Bar,0
h7n599RGtvFLmLycugT2MQ,Warmdaddy's,0
17MK8qagV374AuUA4sXuIA,XIX Nineteen,0
-OIUunijjcq_ZzyyQhPPFQ,Zorba's Taverna,0
vhDWGF-8BfsxvS7Zo5Wv2w,Abe Fisher,1
_f3JQU6IXpGmTLaSqGy79g,BRÜ Craft & Wurst,1
ZNWox30LIv7hV5k5YP8tCQ,Bar-Ly Chinatown,1
VwZ5NDbIu3elGQI6MzcXBA,Blue Corn,1
tYn8hGpZiRgJ8cP2FcI_YQ,City Tap House,1
jxEMFqwDJXjCxmcm5t5jVQ,Cleavers,1
JHRlwxxKY0JJcU97rJ-Bug,Cuba Libre Restaurant & Rum Bar - Philadelphia,1
jHZS9GIhW7s9r4w5w-0A0Q,Darling's Diner,1
JVDHxMnKjif8XdXVFWiClg,Dizengoff,1
99e7bysta1myyrQogFEWUQ,Dock Street Brewery,1
SGi8AJhR8iS-LsQwcMOAVA,Eulogy Belgian Tavern,1
ELY0HI8GDEx0jkmREVna0A,Frankford Hall,1
NFzfuIFghE-HnrodHpaT6A,Garces Trading Company,1
qISf5ojuYbD9h71NumGUQA,Han Dynasty,1
IGxrAQcqw8Mr1x9WLXQsNA,Hawthornes Biercafé,1
BWITd9JUXP3gSi1z3Y-z8g,In Riva,1
1OfhM-ZKvcpxyxptCCzEwA,Independence Beer Garden,1
6x9hcZ1CJ4S9avBgPGS7-Q,Johnny Brenda's,1
DZglT5FP5VNDQJU3PuRIHw,La Calaca Feliz,1
9Qe5ib0bCgRITjYn-iA-Bg,Legal Sea Foods,1
XJnTY0wG45x9GBrgfNpkCw,Lucha Cartel,1
un0xxX785wfQfprryh0TjQ,Lucky's Last Chance,1
G9LZoNlCfRH941q87_JLIg,Mission Taqueria,1
wB1Tin0OW1JRpaKM-E3ZYA,National Mechanics,1
W06QBC9vkxA5CVBNVrOMRA,North Third,1
J8S7cPPlTgsQnXKVfTyN8g,PYT,1
0bvtIbpsqBJZpRKSPwIfNw,Panorama,1
g2zwbLIqxtN9nGGuL43trg,Pizza Brain,1
ldr7iDtxFXX-q7tJuXqlGQ,Revolution House,1
4tU9hlfzrCpcGWTIm-OKVA,Rouge,1
mUdjeVjdsiOQMBK41x0Bow,Sancho Pistola's,1
B9Z3i-n9y9FfMU3CQxtThA,Sketch Burger,1
WMkiheTT-8kRslImVLWMVw,Standard Tap,1
3FKIev7ZB_KE6XHL9sUJCg,Strangelove's,1
mzTTdvQGkUHZ8ii7OnZC5w,Trader Joe's,1
Q-prSTdggNlxAEFV88BZOw,Tria Cafe Wash West,1
2CDI713ATuxHfnB5b-sBdw,Vedge,1
mtvT7uRey3F395STFRM1Tg,Vernick Food & Drink,1
wPi7p5fZyGTOjDU28IlTqA,Woody's,1
s-Ff-8M5-AR-5jl59lCj1w,Xfinity Live! Philadelphia,1
IvAa7PvfOYl0xRML5W3ebg,Yards Brewing Company,1
3eJMsl41qwhcYlvoTF1ElQ,a.kitchen,1
vVfy055EfLMdd0yJYHxiMQ,A La Mousse,2
lRbHFOIFuusN2WOR_ypQ_A,Ants Pants Café,2
qcn10016DUkbgCbQi9L1WA,Bassetts Ice Cream,2
atZ_olNKXOG4rEr6mccN8g,Beiler's Bakery,2
tBQcVd9c0EHKAXLZn_v54g,Bibou,2
FhwTEGqdir75uyXZqWqxlw,Big Gay Ice Cream,2
4_-IcMpkF_sBRHomWZHNzA,Bistrot La Minette,2
K7KHmHzxNwzqiijSJeKe_A,Cafe La Maude,2
i6jA8vSHrP9LiUPHlqPVwA,Cafe Olé,2
qaDImxPguQz0jToNYvB1Eg,Café y Chocolate,2
Z8qGOmU8YxDjLPBbrz84Yw,Capogiro Gelato,2
yPxNNSmPHKO3m_kq53D4Jg,Capogiro Gelato,2
q1VOESxR99qJvpubnNxyJQ,Caribou Cafe,2
_tt4nysrN8JpzLLVXL-z5A,Creperie Beau Monde & L'Etage,2
Uky0DD3LU4C7eyNDhpmOXg,Day By Day,2
fneeyCOYV5-oVeQP0TACog,Destination Dogs,2
4hv1n1VBzMvE-T4UtIcOcw,Di Bruno Bros.,2
oqbhVgliVJH-iRa3AnD-3A,Elixr Coffee Roasters,2
03jQGGJ2ch0uHTtW-UUUqg,Famous 4th Street Delicatessen,2
rgeuy1qbw6Z8B6CSVANHIA,Federal Donuts,2
41LEg4ZgFDVnZfToxGXiGA,Federal Donuts,2
Oun4NN-u5yiHIxDqtJnxgA,Federal Donuts,2
-Or44IdY51Ukd618kikmtA,Federal Donuts,2
Og1HekJMHKqsvtWaUp9V8g,Flying Monkey Bakery,2
JrG4NINLspXPNhSXg7Q07Q,Front Street Cafe,2
LgAuYz5cQe3zTxuteJ4VyQ,Fuel Center City,2
-cEFKAznWmI0cledNOIQ7w,Gran Caffe L'Aquila,2
U2y7fsqDgxAXskoJNVxbwg,Happily Ever After,2
7cpj7hjDTX5fb-6pYcZiGQ,Hungry Pigeon,2
ZewrmVIdr77Kinj-njv6RQ,Insomnia Cookies,2
oziGQYLaEWOpNmPKrZP86g,Isgro Pastries,2
1vPSY4EA-fTRIZYz1Ruzow,K'Far Cafe,2
wocwfwSFrNfYJRyfYSi1Cw,Knead Bagels,2
MlXH9dWYDFEBbwuGStlfZg,La Colombe Coffee,2
oXr3EhnQCqA8SNWIZ3H4Fg,Little Spoon Cafe,2
GWqPmrWu0kXB_-gB1H-j6A,Love & Honey Fried Chicken,2
7NwFNLC0SwX1SwQYlfF5yw,Luna Café,2
irXywqvfXj9maLLOBQMYvg,Manakeesh Cafe Bakery & Grill,2
XsfuqDqw9eOaQ_2FCv5MuQ,Masala Kitchen Kati Rolls and Platters,2
jkGQQ4_LgJx3hwPtCFkzbQ,Max Brenner - Philadelphia,2
QWZuvqTYTMncVdhulUU73A,Miel Patisserie,2
0jQPPEppYjGQ2higy6JvCg,Miller's Twist,2
U30ggGzFpXvc2NZYwOW3qg,Mood Cafe,2
ysvzP0VvMTrGmUClKJ3img,Ms Tootsie's RBL,2
UdcLHHBRIxtelgbKBnhitA,Nifty Fifty's,2
gwxNttwUgmOn3vsHYe0pDQ,OCF Coffee House,2
9w6o_eyKCSNKgMtAuv6KWg,One Shot Coffee,2
phsLOuBeiYI43hglvWK96Q,P S & Co,2
Qw7tz-UkPrpXaVidWuab4Q,Philadelphia Museum of Art,2
IjMs1n7UelI7ev_5IDl5kA,Pho Saigon,2
ytynqOUb3hjKeJfRj5Tshw,Reading Terminal Market,2
zpKTPWoW56wF6d9qNnxM3Q,Rybread,2
6_LnAQQ0-mml8YgpfRjGuA,Saad's Halal Restaurant,2
iUZEGx29miZObLd6_lt7Vg,Sabrina's Café,2
6ewV-e7-39oqYUq3yZuIyw,Sabrina's Café,2
K3RURR9lIEE4JjOaPt99zg,Sabrina's Café,2
8yZzf0gdWpSmY6ziyq7hKQ,Sazon Restaurant & Cafe,2
jySVipAqMqczPzOPLMnJpw,Scoop Deville,2
BxfvdHqETU8jWYUjx5OL2A,Shake Shack,2
Jg9kkOl4sx2AXJVohbpSiw,South Philly Barbacoa,2
XU3Fe8I8dD3FaOmzAQXLnQ,Spread Bagelry,2
vUrTGX_7HxqeoQ_6QCVz6g,Suraya,2
t6g6Lj8WzjIXXucCl9jdTQ,T-Swirl Crêpe,2
EreYgrQPuR7Sk_FKeZZg9g,Talula's Daily,2
tMtI6ECD6hwM-nFp2kXLKQ,Tea Do,2
hX_8ZUmIqWFWzjdiPrf23w,Termini Bros Bakery,2
zujdPV3HT-Y-CKE1GgkMHQ,The Bakeshop on 20th,2
V8we7-uCa-SouadZmZ9Ieg,The Cheesecake Factory,2
SHYPQbYqbfK4CwTDjtBH7Q,The Famous 4th Street Cookie Company,2
qQO7ErS_RAN4Vs1uX0L55Q,The Franklin Fountain,2
qOrzaDT6Q92tVnBziWw8NA,Weckerly's Ice Cream,2
2qHkwqao9GyxnDXHzCv4JA,Wedge + Fig,2
ZKPrXH_GNW_AtZ31tP3NmA,White Dog Cafe,2
mK5gu18whrKEG8aojSzpbA,Yogorino,2
vUkiYPpbkMXA99WneLSGkQ,Banana Leaf,3
QhgrhVKlXZtSY6gRThf8zA,Bing Bing Dim Sum,3
nIAbuktMEzVjT4P9pG89rQ,Buddakan,3
jziliEq8Zum-EynD5v-Hvg,Chifa,3
gjFUrbSMo1rA1jgG5IhA2A,Chima Steakhouse,3
iksVwRfpWymIUUFqw0tXpw,Chubby Cattle,3
a62d7e_xXeljJcOUHkJjkg,Circles Contemporary Asian,3
kbXpjBSweedxQ1WrlJ5i7Q,Dan Dan,3
T9C1od-JorSPXwXgzSqM9Q,David's Mai Lai Wah,3
AGlh4ZDv6jnoiYfz7At9mw,Dim Sum Garden,3
fcpHrRopilvsBwUajFB5rw,Dim Sum Garden,3
0S3TvsmbCeOZ9UitnpRd1A,Dim Sum House,3
zU5PPd9j4bYC_MepNSEDcA,Dim Sum House,3
s9ceDy-cVHe0uzvZpWq87Q,E Mei Restaurant,3
MMRRS6YhVRx_iN5-JhMRYg,Han Dynasty,3
vuE1iseFrgNPumUEfHIZZQ,JJ Thai Cuisine,3
Yu401DtSmkXpJhgXnQcFrg,Joy Tsin Lau Chinese Restaurant,3
l8gAoQqqVfphPe9jmIJZ3g,K-POT Korean BBQ & Hot Pot,3
e3Y3hDpwHc9RmQlJtIgHuw,Lacroix Restaurant at The Rittenhouse,3
qY-BUQY-SFBaSrFHowF3nA,Nine Ting,3
VP8HMhVt-pKmqGNmDW4-TQ,Nom Wah Philadelphia,3
838bEDzZSPveDkAGrhVWYQ,Ocean Harbor,3
lS42krxXMm-HIk7dntRsKQ,Pattaya,3
eaDZlSuVS0EY67Ke6pRP6Q,Penang,3
kZ1q0K13tFYG_ZJrVvsJHA,Sampan,3
MzFhaFNbE03zF84BPkN7yQ,Sang Kee Noodle House,3
_V6hl1oGkTV2KbGeax_HPA,Sang Kee Peking Duck House,3
vrQCClTDrPSbIHO-ub8qFg,Sardi's Pollo A La Brasa,3
POuaebsAeCyNx-8qZ3O7XQ,Shang Hai 1,3
-1B9pP_CrRBJYPICE5WbRA,Spice 28,3
H3EK1Q8tqRGqPBps05Uahw,Tashan,3
7z16CBc74GhbyqalwZrJUQ,Ting Wong Restaurant,3
UQZ4p6xb_7gY7UXHmBzceg,Tom's Dim Sum,3
SDL247FlOnScJfuNjZESxg,Twenty Manning,3
bLJP0fVgscuUQy0hE_CRXA,Xiandu Thai,3
wuH4TPUo8oJo4E59xZKsNg,&pizza - Walnut,4
XIKYdKWq72zUYsq8NBxcCQ,Aksum Cafe,4
WgyhlYg3fnSgco4qLa20cg,Almaz Cafe,4
617w8MQE3z1szmLvs0WfCw,Bar Bombón,4
ME7nOO4hHoCwkbssGqsyPA,Blackbird Pizzeria,4
of-GVqY0G_UDHXT9Xg_ADQ,Charlie Was a Sinner,4
9e_rrzyTolsH1RUXHOvsMA,Circles Contemporary Thai,4
EzjysPg2-lVX1E0ibStUXw,Ekta Indian Cuisine,4
KHQXmUFiAD0FHvrMSakJBA,Fare,4
mlrzM-jUkKot28XJhScuuA,Goldie,4
9A5Gw0At6so0x-vWM0_JZw,Grindcore House,4
l8VedGQFMLtTz2zRmpTlxA,Hardena/Waroeng Surabaya Restaurant,4
Dv6RfXLYe1atjgz3Xf4GGw,HipCityVeg,4
_34KJPR-T0HP9USJw1nCfw,Hiro Ramen House,4
bgxDswHIdFP0Go0pNfyAAw,Hummus Grill,4
BryQISFnkCdcJET-tpAx3w,Isot Mediterranean Cuisine,4
BgQOm2TuoF1UmD4e7BOUjA,Jerry's Bar,4
9OhPfV0C3Q49l5tSre2MuQ,Kabobeesh,4
hkirr3WzSTx2d9cdP_NKSQ,Mama's Vegetarian,4
ntiIq1FNqduOyyowMFGh5A,Nan Zhou Hand Drawn Noodle House,4
YN4Kk751tmdvoarGo8z7_A,New Delhi Indian Restaurant,4
muCelHtTlX5PrJd8JKkf_w,New Harmony Vegetarian Restaurant,4
rQW9iupvhk6ScPn2VPNLVQ,Octopus Falafel Truck,4
QGYzYUMsQe6k7__LD91E5w,QT Vietnamese Sandwich,4
jHVotJhyPKOLuO7MVnmbtQ,Royal Tavern,4
T8NWs6flR26edfhhwJNhNA,Sahara Grill,4
uvj_tGQrGDSVXjNU4pHjCA,Sitar India,4
oyA87-Q_vqnmxVOn_auJQQ,Spice C,4
PVVFos1LDfD7iETY0w4vaA,Su Xing House,4
Sv1MEZP-mMfp8SmE0hwYEA,Terakawa Ramen,4
E_h2yNoagLK-3ODYwMPErw,V Street,4
ctHjyadbDQAtUFfkcAFEHw,Zahav,4
WYel6hMEEPNwzVUlVBacbw,honeygrow,4
6GXMHrB8u-3nq87zE1Av0w,Baby Blues BBQ Philly,5
csS_UrBujOvjASbX3gLW7w,Bobby's Burger Palace,5
wHkYLlZyPXllrQRlvidUlg,Campo's Philly Cheesesteaks,5
aa0xi7fgFJyA4qWux6vz0A,Carmen's Famous Italian Hoagies,5
6zEWIsb6Lhr3BeoC3gm1lw,Chickie's and Pete's,5
PgUoeGam08nCaLWJwrmrWQ,Chubbys Steaks,5
AnhgZCyjhzU8JVxl2ftJKQ,Cosmi's Deli,5
RQAF6a0akMiot5lZZnMNNw,Dalessandro’s Steaks & Hoagies,5
Ea4G-2lAbodTM7FBaSO-tQ,Del Rossi's Cheesesteak,5
L0zMk5SXnqR0JLEe0XY20g,Dkrejser,5
IkY2ticzHEn4QFn8hQLSWg,Geno's Steaks,5
Iw8uqNPxviwcgxtruAx_LA,Good Dog Bar,5
JPfe9B-RLrE5Nz75kcKImQ,Govinda's Vegetarian,5
JVZ_c3k01uAIas5B61iISg,Hard Rock Cafe,5
Zqd_DHAtrdzRJ8u3zwrvEA,Hershel's East Side Deli,5
YPLfRswyryjjW3VJa-SdaA,Ishkabibble's,5
HrIEc9gVWWnjqn9OiglrVQ,Jakes Sandwich Board - 12th St,5
B-SiesU4hxIiL7rl7vzayA,Jim's Steaks,5
KkdLjGfVsfGESNkE0ktURg,Joe's Steaks + Soda Shop,5
kkcQYuF3w5iHnHMf0EnRhQ,Joe's Steaks + Soda Shop,5
LM54ufrINJWoTN5imV8Etw,John's Roast Pork,5
5YkucjpFYEhg4gsWU4B1hQ,Little Pete's Restaurant,5
30cpm1uq6xcQCmN6JTrB8w,Luke's Lobster Rittenhouse,5
-ATiAtTikuGuqvaW2O6tNA,Marathon,5
4wq9bzoCe3Mh0cPbYH1eDg,Max's Steaks,5
OAWa1WML2V1ZLJGD6V3nBQ,Middle Child,5
gOrJeoLDOiW7muWuoE-sMg,Morgan's Pier,5
7pAgxBMUjrVPH7xh3fn-gw,Oh Brother Philly,5
NYj8uB9-u0SmRMNDNktb1g,Oscar's Tavern,5
el-WV1mOpFmrQOowLnh4aw,Paesano's Philly Style,5
PP3BBaVxZLcJU54uP_wL6Q,Pat's King of Steaks,5
-mIlmp5l4hKlp1tvHRdvTg,Sonny's Famous Steaks,5
gYYMQeg4X8FUcCxXI4c2Tw,Steve's Prince of Steaks,5
PmJx4zNYCyR7Hx9AmgUUJA,Steve's Prince of Steaks,5
REiAM73RkOxFqCVlEFiRWA,Tattooed Mom,5
O6hY9yenifuRXrpc4TfgsQ,The Blue Duck,5
hdtnpHXn-iIFTzPLvoOK0Q,The Dutch,5
q-zV08jt6U-q05SMEuQJAQ,The Original Tony Lukes,5
kK1re49IK3jmCYTL6B6_lw,Trolley Car Diner,5
bN_9QgxdOIk4oK-6fBDJtQ,Honey's Sit N Eat,6
nF5QByCz21MY0KLtSoB5KA,Penrose Diner,6
YBak8o0xCiNN4sXr3izLbg,Barcade,7
jULIPydhMj18KOI5OHTwfA,Buena Onda,7
73UjNbSoQjQAOS45rcihFg,Cantina Dos Segundos,7
4J06--ty2Ydj1---IsArLw,Cantina Los Caballitos,7
kVTHnhgYUw-Pmr7wgDB4_g,Distrito,7
JUlsvVAvZvGHWFfkKm0nlg,El Camino Real,7
SCjUeZfjafJ88fWWQjRh2w,El Rey,7
9PZxjhTIU7OgPIzuGi89Ew,El Vez,7
3ldp8B52AOzNSFnPMAY0ww,Fette Sau,7
RadvqFuRTZNEfSZ_avPRog,Honest Tom's Plant Based Taco Shop,7
NUJrCPU51Cvip4ayZD1P5g,Jose Pistola's,7
I5KZm-NnxYeEQsmp6nK5_w,Las Cazuelas Restaurant BYOB,7
GAuweBrcC_wK3a0UhZjwfA,Loco Pez,7
6F-6mFFNw2YXN7lD_Gukcg,Lolita,7
85e8Uyn8tIyEZCqBP80rqA,Lolita,7
2PWmnUV2Leb2Loj0TqxCMA,Mad Mex - University City,7
1UNorskttXSWuEcgzKzXcA,Xochitl,7
rVGxva6cx2eID4ghDLVHJg,1225Raw Sushi and Sake Lounge,8
Hr6aM0s-woIJaW6DJSbvNQ,Aki Nom Nom Sushi & Ramen,8
TunmRrfZb7bt53T6HJi4UQ,Bleu Sushi,8
_k1CIuPkY-uLFm8lABFG8Q,Bonchon Philadelphia,8
9c7MUiE6VI8NesjPdj5FkA,Bubblefish,8
qsm7SkX60JsajT7Yz248FA,Café Soho,8
FHNIvNgh3fS7VZQq2Y3dsA,Cheu Noodle Bar,8
GUMVStVaJfWmCIpQA4TtHg,Crazy Sushi,8
BnprLJ4Lr33--YjTmgk9Zg,Doma,8
Ipkx4Sa7ybn8C6LtTqTztw,Double Knot,8
ulfMNXHzGVleRf2U5KwiQQ,Earth Bread + Brewery,8
h7TO_IsmLCYmKKDVOOIeFw,Fat Salmon,8
JDv3h1xRFIW8fXckqgTdRg,Fuji Mountain,8
ZDdNEwBENLXBT3jjQD5STQ,Giwa Korean Kitchen,8
OChSrnaj5tQ1-wm7zoVT4w,Gyu-Kaku Japanese BBQ,8
5nqWNo7uVU1Zxm4tjnvkUw,Hai Street Kitchen & Co,8
Ldch7Nc5gaZrhcIRd7mcjw,Kabuki Sushi,8
ZGH8MzJa7Q7iIpmtzBAJAQ,Manayunk Brewery,8
6_T2xzR74JqGCTPefAD8Tw,Morimoto,8
pm1bStJuol5XmxE_atZhCQ,Nom Nom Ramen,8
PJjkH_VZeQwxEJvlQ-v7wA,Pho 75,8
3gVSrS4kffGGZT8oXHsIcw,Pod,8
ZMejgg0By-DI2wyQWezBbQ,Ramen Bar,8
itv5mVA2lkp_ivhSdmKGgw,Seorabol Korean Restaurant,8
R3FDYMQBrMpkUquwE-eniQ,The Continental Restaurant and Martini Bar,8
40O7uKX-uAG_JDrS-OM85w,Umai Umai,8
Cjwb7VQGP0u2eWYj1wnO3g,Vango Lounge & Skybar,8
FqOCC8Y9xryaX7sIBJcrxA,Vic Sushi Bar,8
eoN0GAIRV0WmwUm7FmzKgQ,Yakitori Boy,8
KQgCflC8eqJU5kvJkByXzw,Yamitsuki Ramen,8
YzluF3FNGjnW-tOrLZt8JA,Zama,8
nR3VW9i2K8033QY0ZMTisw,Zento Contemporary Japanese Cuisine,8
fivoAD6x6jXJRiEZwhpcEQ,Amis Trattoria,9
cFSyJluKa2SHtgMMvlx6SQ,Angelo's Pizzeria,9
6ajnOk0GcY9xbb5Ocaw8Gw,Barbuzzo,9
elSnD7Vuxnlg5_9gTqBqmA,Barra Rossa Ristorante,9
eMiN8nm70jjKg8izikVWDA,Chickie's & Pete's,9
8P8HIysyyGbG8_94cG1Jyg,Entree BYOB,9
sVZb87xjhbCWHQ2UXOGLrA,Giorgio On Pine,9
trwHwsXOVV-ZmF-MtP98BA,High Street Philadelphia,9
sTPueJEwcRDj7ZJmG7okYA,Jim's South St,9
RZtGWDLCAtuipwaZ-UfjmQ,LaScala's,9
mBgaPljP3OYkl_vGKTyFNw,LaScala's Birra,9
sL6fC0P4C-gyL4E5gacUeQ,Lazaro's Pizzeria & Grill,9
FD7gMovIYQmhdn23Iq91zQ,Lorenzo & Sons Pizza,9
2WGnykxiM-Mp-qIm2u7iAw,Maggiano's Little Italy,9
RleiW2_QLyxgNjFfqDoZpw,Modo Mio,9
M_EpyAH1CZZVlhxfYBLOqg,Nomad Pizza Company,9
05ev984NYfimRN0UiFrxaA,Osteria,9
nsH0hQ7xB5LS2_Ba3mqHTQ,Paesano's Philly Style,9
fN12ywQpLXQ93bpwe1N_Ww,Pietro's Coal Oven Pizzeria,9
uJZgom8HpK74xz8IojpT0A,Pizzeria Beddia,9
vF_QwGltBpVesMMGclzB9Q,Pizzeria Stella,9
u7_3L1NBWgxhBM_B-cmmnA,Pizzeria Vetri,9
I1H5s9cVCGh1nH-4bhsSDA,Santucci's Original Square Pizza,9
arKiXax3ScSM_z3O-0CIyw,Spasso Italian Grill,9
luv3Y2AjoOhxYRY_u5tRJA,The Couch Tomato Cafe,9
LtLbT776NOAjva1ttA2h3w,The QUICK FIXX,9
Wtr51cNrv1pYyIRg_IawYQ,The Victor Cafe,9
tf2nzjkP8XGIeU-lg767XA,Tredici Enoteca,9
hUmHwBQtGg0iH-PZakQJDw,Wm Mulherin's Sons,9
_LOJW0XkOpj4O348GVRDeQ,Zavino,9
jEasa4Sbzy4NdLyzPPgQyg,2nd Story Brewing,10
_s_51Vmq1LVQnGFSa-KfUw,Alla Spina,10
cwn_MBPFUJtme68WURSgKA,Bainbridge Street Barrel House,10
Mwc3n5Psw9wRaQ22vZWDYQ,Bar Hygge,10
jS3affmkXWrBnidXA-DIfQ,Butcher Bar,10
TwnzM8mJn_nT2PJf1x-9kQ,Cafe Lift,10
ckF4SrqKfSm8ndr88on1dA,Chart House,10
LwX2vbzttWYAdoBoVtfvRg,City Tap House,10
HPqTJ_yF2ZJw87yHWnSzSg,City Tavern Restaurant,10
RnhLCG4N9MPy6ZRzq787Cg,Devil's Alley Bar & Grille,10
Y7EalRsCafsApK5DcL_mTg,Devil's Den,10
xxL2_-oExRCwKs_Nyr0KiQ,Fadó Irish Pub,10
KfIPQSLSj_rJ9zbsdO7wFQ,Greg's Kitchen,10
CYSPKiVdoPX3erovujnE9Q,Harp & Crown,10
-0TffRSXXIlBYVbb5AwfTg,IndeBlue Modern Indian Food & Spirits,10
KrKQChZ1hwHHVaUK9Zc-Ag,Iron Hill Brewery & Restaurant,10
OHzX-ZD9qyoeoxR8Z0dlIA,Khyber Pass Pub,10
LO5yBY9uoowtq7FsaKPJXA,Kraftwork,10
D5V0Fawd6ODVgqCY8xngsw,Loews Philadelphia Hotel,10
ZQc6EvnfQXtIK-8w-d0N5Q,Mad Rex,10
cOXc8c85Ms6dMEAJazLXHQ,McGillin's Olde Ale House,10
u7cZUEGK6iJP2gvI22xY2A,Memphis Taproom,10
lWedWkinrM5j13pyimbpbA,Miles Table,10
OdIBX09glfXNVSyd0RnIeg,Monk's Cafe,10
mf0OyZ6DX2iKUFIV9TqFRQ,Moriarty's Restaurant and Irish Pub,10
AmI3LIUNwsi4023hOVGu3w,Moshulu,10
_PvljXZHQlUmL8SuOXF8ug,New Deck Tavern,10
bfiO0n663Ej36svzuRuVtA,Nodding Head Brewery & Restaurant,10
R0JUjyjGEzUlY3auVhY_tg,North Bowl,10
lZX5_8qspEXtMJGFQ0-Mow,Philadelphia Marriott Downtown,10
4_W5pstoN1166TGjjPOrMg,Prohibition Taproom,10
32It9NN_lVismU9tcuLB0A,Relish,10
dG-gZOWzn8iO1Rvv_fbXxA,Silk City Diner & Lounge,10
YqmClmk7oLcDzPWKHzgA-Q,South Philadelphia Tap Room,10
68ThEdiK0eWCEgGEmV9Tng,Southgate,10
M1q0l_VuI6MqRYLWGVhCCw,The Belgian Café,10
sdWuLh-auc0nC2Jy6_26AQ,The Black Sheep Pub & Restaurant,10
KDplhtRYnHOCnuIjIGR8fA,The Goat's Beard,10
QXGnmsKYANxOyZBqM-zlJA,The Plough & the Stars,10
iWy6Wft0MMO9Ud2wM93frg,The Sidecar Bar & Grille,10
7mpYTDb24SywNMRn3yeakQ,The Twisted Tail,10
vtSisxaozZ7HWpBl_W7VaQ,Time,10
xWfm4AwLZr-B97fYVsIgCA,Tria Taproom,10
ktM6aYuzqWd-kA8SIWswiQ,Winnie's Manayunk,10
